size,time
10000,2909933.333333
20000,6791100.000000
30000,13373600.000000
40000,19929333.333333
50000,28097300.000000
60000,39183833.333333
70000,51583800.000000
80000,64444166.666667
90000,75644900.000000
100000,91489133.333333
