size,time
10000,3530600.000000
20000,8103966.666667
30000,13610633.333333
40000,20436200.000000
50000,30588033.333333
60000,40725966.666667
70000,54260066.666667
80000,67836066.666667
90000,81922100.000000
100000,101455800.000000
