n,runtime_ns,n_log_n,n_squared
100000,20509000,1.66096e+006,1e+010
200000,54330000,3.52193e+006,4e+010
300000,83065000,5.45838e+006,9e+010
400000,111674000,7.44386e+006,1.6e+011
500000,149103000,9.46578e+006,2.5e+011
600000,172700000,1.15168e+007,3.6e+011
700000,225734000,1.35919e+007,4.9e+011
800000,288581000,1.56877e+007,6.4e+011
900000,340777000,1.78016e+007,8.1e+011
1000000,322099000,1.99316e+007,1e+012
